Image_Name,Label
037164_02_lt.jpg,car
034706_02_lt.jpg,human
038270_02_lt.jpg,human
039051_03_lt.jpg,human
035364_02_lt.jpg,car
037286_02_lt.jpg,animal
037702_02_lt.jpg,airplane
038817_02_lt.jpg,airplane
039740_03_lt.jpg,animal
037250_02_lt.jpg,animal
036326_02_lt.jpg,human
036686_02_lt.jpg,human
035909_02_lt.jpg,car
038849_02_lt.jpg,car
039265_03_lt.jpg,animal
036382_02_lt.jpg,animal
034289_02_lt.jpg,car
035241_02_lt.jpg,human
036204_02_lt.jpg,truck
034222_02_lt.jpg,animal
038484_02_lt.jpg,car
036388_02_lt.jpg,truck
036207_02_lt.jpg,airplane
039325_03_lt.jpg,animal
039206_03_lt.jpg,human
038517_02_lt.jpg,airplane
037761_02_lt.jpg,human
038999_03_lt.jpg,truck
036712_02_lt.jpg,airplane
039110_03_lt.jpg,animal
034676_02_lt.jpg,human
037825_02_lt.jpg,animal
038122_02_lt.jpg,airplane
036178_02_lt.jpg,car
036773_02_lt.jpg,car
039058_03_lt.jpg,truck
037376_02_lt.jpg,human
037104_02_lt.jpg,car
036927_02_lt.jpg,airplane
035154_02_lt.jpg,car
034888_02_lt.jpg,truck
035092_02_lt.jpg,human
037165_02_lt.jpg,animal
035093_02_lt.jpg,car
034049_02_lt.jpg,car
039568_03_lt.jpg,truck
036953_02_lt.jpg,truck
034584_02_lt.jpg,car
035879_02_lt.jpg,car
038361_02_lt.jpg,animal
035453_02_lt.jpg,truck
035696_02_lt.jpg,animal
034283_02_lt.jpg,truck
039142_03_lt.jpg,animal
034469_02_lt.jpg,car
036051_02_lt.jpg,animal
037196_02_lt.jpg,human
036470_02_lt.jpg,animal
036656_02_lt.jpg,human
037555_02_lt.jpg,animal
038907_03_lt.jpg,airplane
037281_02_lt.jpg,animal
039388_03_lt.jpg,truck
036561_02_lt.jpg,animal
036022_02_lt.jpg,human
039027_03_lt.jpg,airplane
037856_02_lt.jpg,animal
037611_02_lt.jpg,animal
039659_03_lt.jpg,car
034588_02_lt.jpg,car
036834_02_lt.jpg,truck
035514_02_lt.jpg,car
038272_02_lt.jpg,human
037409_02_lt.jpg,car
039714_03_lt.jpg,car
035844_02_lt.jpg,truck
034409_02_lt.jpg,animal
039685_03_lt.jpg,animal
037646_02_lt.jpg,animal
035691_02_lt.jpg,animal
034556_02_lt.jpg,human
035726_02_lt.jpg,human
034949_02_lt.jpg,animal
036806_02_lt.jpg,human
036020_02_lt.jpg,animal
034340_02_lt.jpg,animal
039082_03_lt.jpg,human
038151_02_lt.jpg,animal
038546_02_lt.jpg,human
039054_03_lt.jpg,car
035699_02_lt.jpg,car
035729_02_lt.jpg,car
038452_02_lt.jpg,human
039500_03_lt.jpg,animal
038303_02_lt.jpg,car
036177_02_lt.jpg,airplane
036329_02_lt.jpg,car
037732_02_lt.jpg,human
036147_02_lt.jpg,airplane
035270_02_lt.jpg,animal
036622_02_lt.jpg,human
039235_03_lt.jpg,animal
039174_03_lt.jpg,car
039356_03_lt.jpg,human
034528_02_lt.jpg,car
039056_03_lt.jpg,human
036266_02_lt.jpg,human
035153_02_lt.jpg,truck
035759_02_lt.jpg,car
038544_02_lt.jpg,truck
038785_02_lt.jpg,animal
035275_02_lt.jpg,animal
036980_02_lt.jpg,animal
037253_02_lt.jpg,truck
039834_03_lt.jpg,car
035634_02_lt.jpg,truck
035360_02_lt.jpg,animal
035841_02_lt.jpg,human
035813_02_lt.jpg,truck
038030_02_lt.jpg,animal
037799_02_lt.jpg,car
037738_02_lt.jpg,truck
036742_02_lt.jpg,airplane
036059_02_lt.jpg,car
035750_02_lt.jpg,animal
038003_02_lt.jpg,car
036681_02_lt.jpg,human
038930_03_lt.jpg,animal
037011_02_lt.jpg,human
038390_02_lt.jpg,human
039202_03_lt.jpg,human
038542_02_lt.jpg,airplane
037198_02_lt.jpg,truck
036116_02_lt.jpg,human
036143_02_lt.jpg,car
035907_02_lt.jpg,airplane
034552_02_lt.jpg,human
036654_02_lt.jpg,car
035969_02_lt.jpg,car
039358_03_lt.jpg,truck
036504_02_lt.jpg,truck
037731_02_lt.jpg,human
034460_02_lt.jpg,animal
034828_02_lt.jpg,truck
035123_02_lt.jpg,car
038876_02_lt.jpg,human
034048_02_lt.jpg,car
038459_02_lt.jpg,car
035306_02_lt.jpg,human
037857_02_lt.jpg,airplane
036746_02_lt.jpg,animal
036328_02_lt.jpg,truck
035156_02_lt.jpg,human
037048_02_lt.jpg,truck
036443_02_lt.jpg,truck
037434_02_lt.jpg,truck
035932_02_lt.jpg,human
034494_02_lt.jpg,car
035277_02_lt.jpg,animal
035939_02_lt.jpg,car
034040_02_lt.jpg,animal
034523_02_lt.jpg,car
039689_03_lt.jpg,car
034375_02_lt.jpg,animal
037375_02_lt.jpg,animal
037675_02_lt.jpg,animal
038607_02_lt.jpg,airplane
039806_03_lt.jpg,human
036474_02_lt.jpg,car
034915_02_lt.jpg,animal
034587_02_lt.jpg,animal
035660_02_lt.jpg,animal
037163_02_lt.jpg,car
034316_02_lt.jpg,human
035335_02_lt.jpg,animal
035001_02_lt.jpg,human
037670_02_lt.jpg,human
037463_02_lt.jpg,truck
037311_02_lt.jpg,animal
034437_02_lt.jpg,animal
035934_02_lt.jpg,car
035393_02_lt.jpg,truck
036058_02_lt.jpg,car
036623_02_lt.jpg,car
035489_02_lt.jpg,car
036710_02_lt.jpg,animal
036713_02_lt.jpg,car
036628_02_lt.jpg,car
038697_02_lt.jpg,airplane
038635_02_lt.jpg,animal
035752_02_lt.jpg,human
038728_02_lt.jpg,truck
037378_02_lt.jpg,car
037192_02_lt.jpg,human
038901_03_lt.jpg,airplane
037671_02_lt.jpg,animal
035422_02_lt.jpg,animal
035068_02_lt.jpg,car
037284_02_lt.jpg,truck
034672_02_lt.jpg,human
038939_03_lt.jpg,car
037406_02_lt.jpg,human
038810_02_lt.jpg,human
039591_03_lt.jpg,human
035219_02_lt.jpg,truck
036179_02_lt.jpg,car
036863_02_lt.jpg,truck
038331_02_lt.jpg,human
037678_02_lt.jpg,truck
035242_02_lt.jpg,human
038904_03_lt.jpg,car
036291_02_lt.jpg,airplane
035664_02_lt.jpg,car
039655_03_lt.jpg,animal
038720_02_lt.jpg,human
034885_02_lt.jpg,animal
039171_03_lt.jpg,airplane
038571_02_lt.jpg,human
037256_02_lt.jpg,human
039263_03_lt.jpg,truck
036837_02_lt.jpg,airplane
034131_02_lt.jpg,human
034194_02_lt.jpg,car
035099_02_lt.jpg,car
037528_02_lt.jpg,truck
035035_02_lt.jpg,human
039449_03_lt.jpg,car
039777_03_lt.jpg,airplane
036381_02_lt.jpg,human
035065_02_lt.jpg,animal
039412_03_lt.jpg,animal
036355_02_lt.jpg,animal
037139_02_lt.jpg,car
038690_02_lt.jpg,human
038574_02_lt.jpg,truck
036924_02_lt.jpg,truck
036894_02_lt.jpg,car
035307_02_lt.jpg,animal
039748_03_lt.jpg,truck
039321_03_lt.jpg,human
035362_02_lt.jpg,human
036593_02_lt.jpg,truck
035487_02_lt.jpg,airplane
034791_02_lt.jpg,human
038636_02_lt.jpg,human
039688_03_lt.jpg,truck
037824_02_lt.jpg,truck
039299_03_lt.jpg,car
035002_02_lt.jpg,car
035006_02_lt.jpg,human
039744_03_lt.jpg,car
036652_02_lt.jpg,human
034139_02_lt.jpg,truck
039805_03_lt.jpg,animal
037524_02_lt.jpg,truck
035601_02_lt.jpg,human
037070_02_lt.jpg,animal
038848_02_lt.jpg,truck
038909_03_lt.jpg,car
037162_02_lt.jpg,human
036445_02_lt.jpg,animal
034945_02_lt.jpg,animal
038516_02_lt.jpg,human
038097_02_lt.jpg,airplane
035755_02_lt.jpg,animal
038780_02_lt.jpg,human
039140_03_lt.jpg,animal
036268_02_lt.jpg,truck
035427_02_lt.jpg,animal
039029_03_lt.jpg,car
037610_02_lt.jpg,animal
034619_02_lt.jpg,car
034195_02_lt.jpg,animal
037641_02_lt.jpg,animal
036804_02_lt.jpg,car
038213_02_lt.jpg,truck
037853_02_lt.jpg,car
037525_02_lt.jpg,animal
036861_02_lt.jpg,human
036202_02_lt.jpg,airplane
039177_03_lt.jpg,airplane
037133_02_lt.jpg,truck
035039_02_lt.jpg,car
038189_02_lt.jpg,truck
039021_03_lt.jpg,human
035218_02_lt.jpg,truck
036594_02_lt.jpg,car
038935_03_lt.jpg,animal
035398_02_lt.jpg,truck
035902_02_lt.jpg,human
034100_02_lt.jpg,animal
034374_02_lt.jpg,animal
034709_02_lt.jpg,car
038964_03_lt.jpg,car
037491_02_lt.jpg,human
034768_02_lt.jpg,truck
036359_02_lt.jpg,car
038603_02_lt.jpg,car
037075_02_lt.jpg,animal
039716_03_lt.jpg,human
038784_02_lt.jpg,car
037586_02_lt.jpg,animal
039209_03_lt.jpg,truck
034913_02_lt.jpg,truck
034108_02_lt.jpg,truck
037703_02_lt.jpg,car
036201_02_lt.jpg,human
039384_03_lt.jpg,car
039682_03_lt.jpg,animal
038634_02_lt.jpg,truck
037043_02_lt.jpg,truck
036800_02_lt.jpg,animal
036537_02_lt.jpg,airplane
034191_02_lt.jpg,human
034795_02_lt.jpg,animal
036234_02_lt.jpg,truck
039446_03_lt.jpg,human
039746_03_lt.jpg,human
038843_02_lt.jpg,car
038750_02_lt.jpg,human
039028_03_lt.jpg,truck
034642_02_lt.jpg,animal
037765_02_lt.jpg,human
035639_02_lt.jpg,car
038397_02_lt.jpg,airplane
039411_03_lt.jpg,human
037642_02_lt.jpg,human
035692_02_lt.jpg,airplane
037882_02_lt.jpg,airplane
037466_02_lt.jpg,human
035545_02_lt.jpg,animal
035727_02_lt.jpg,airplane
038062_02_lt.jpg,airplane
037762_02_lt.jpg,human
035786_02_lt.jpg,human
035185_02_lt.jpg,animal
039830_03_lt.jpg,animal
034976_02_lt.jpg,human
034259_02_lt.jpg,car
036897_02_lt.jpg,airplane
037131_02_lt.jpg,animal
037887_02_lt.jpg,airplane
038002_02_lt.jpg,human
037704_02_lt.jpg,car
036624_02_lt.jpg,car
035576_02_lt.jpg,human
034798_02_lt.jpg,truck
037941_02_lt.jpg,human
036411_02_lt.jpg,human
035394_02_lt.jpg,car
035271_02_lt.jpg,human
037168_02_lt.jpg,car
038366_02_lt.jpg,animal
036383_02_lt.jpg,truck
036084_02_lt.jpg,car
035608_02_lt.jpg,car
039207_03_lt.jpg,airplane
034318_02_lt.jpg,truck
035872_02_lt.jpg,animal
035998_02_lt.jpg,truck
034558_02_lt.jpg,car
038783_02_lt.jpg,car
039713_03_lt.jpg,truck
035485_02_lt.jpg,animal
037916_02_lt.jpg,human
034107_02_lt.jpg,animal
034223_02_lt.jpg,truck
034192_02_lt.jpg,animal
039352_03_lt.jpg,human
034137_02_lt.jpg,animal
035543_02_lt.jpg,car
038844_02_lt.jpg,car
038156_02_lt.jpg,animal
034941_02_lt.jpg,airplane
038274_02_lt.jpg,car
035396_02_lt.jpg,human
037135_02_lt.jpg,animal
039717_03_lt.jpg,airplane
034250_02_lt.jpg,airplane
036928_02_lt.jpg,truck
036685_02_lt.jpg,human
036297_02_lt.jpg,airplane
038399_02_lt.jpg,car
037551_02_lt.jpg,human
036536_02_lt.jpg,animal
038005_02_lt.jpg,human
036860_02_lt.jpg,animal
035991_02_lt.jpg,animal
035938_02_lt.jpg,truck
038188_02_lt.jpg,truck
037194_02_lt.jpg,car
036473_02_lt.jpg,truck
038037_02_lt.jpg,airplane
036148_02_lt.jpg,car
034315_02_lt.jpg,animal
038034_02_lt.jpg,truck
038937_03_lt.jpg,airplane
035066_02_lt.jpg,human
037616_02_lt.jpg,animal
039386_03_lt.jpg,human
039501_03_lt.jpg,human
036054_02_lt.jpg,car
035720_02_lt.jpg,animal
036446_02_lt.jpg,human
036890_02_lt.jpg,truck
035935_02_lt.jpg,animal
036626_02_lt.jpg,human
037076_02_lt.jpg,animal
034253_02_lt.jpg,animal
039145_03_lt.jpg,animal
034342_02_lt.jpg,animal
039622_03_lt.jpg,human
035990_02_lt.jpg,animal
036984_02_lt.jpg,truck
038512_02_lt.jpg,human
038721_02_lt.jpg,animal
037169_02_lt.jpg,car
034439_02_lt.jpg,car
037013_02_lt.jpg,truck
037854_02_lt.jpg,truck
034582_02_lt.jpg,airplane
037790_02_lt.jpg,animal
038879_02_lt.jpg,car
036715_02_lt.jpg,animal
035187_02_lt.jpg,airplane
038695_02_lt.jpg,animal
035571_02_lt.jpg,human
036352_02_lt.jpg,animal
038600_02_lt.jpg,animal
035279_02_lt.jpg,car
039413_03_lt.jpg,car
039839_03_lt.jpg,car
036174_02_lt.jpg,truck
036295_02_lt.jpg,animal
036657_02_lt.jpg,airplane
039447_03_lt.jpg,airplane
036776_02_lt.jpg,animal
038814_02_lt.jpg,car
039656_03_lt.jpg,human
035098_02_lt.jpg,car
036118_02_lt.jpg,car
038306_02_lt.jpg,human
038934_03_lt.jpg,car
039233_03_lt.jpg,truck
034286_02_lt.jpg,human
037316_02_lt.jpg,animal
038219_02_lt.jpg,car
036239_02_lt.jpg,car
039293_03_lt.jpg,truck
038392_02_lt.jpg,airplane
035007_02_lt.jpg,animal
037462_02_lt.jpg,animal
037195_02_lt.jpg,human
038725_02_lt.jpg,animal
035936_02_lt.jpg,human
039147_03_lt.jpg,animal
035300_02_lt.jpg,animal
035606_02_lt.jpg,human
035037_02_lt.jpg,airplane
036416_02_lt.jpg,human
039530_03_lt.jpg,animal
036982_02_lt.jpg,airplane
034641_02_lt.jpg,human
035480_02_lt.jpg,animal
035600_02_lt.jpg,human
037313_02_lt.jpg,car
037677_02_lt.jpg,airplane
034977_02_lt.jpg,airplane
038300_02_lt.jpg,animal
039502_03_lt.jpg,airplane
035636_02_lt.jpg,human
035332_02_lt.jpg,animal
035541_02_lt.jpg,human
034700_02_lt.jpg,animal
035515_02_lt.jpg,animal
037585_02_lt.jpg,animal
038007_02_lt.jpg,airplane
035240_02_lt.jpg,animal
037552_02_lt.jpg,airplane
036263_02_lt.jpg,truck
037018_02_lt.jpg,truck
037526_02_lt.jpg,human
038211_02_lt.jpg,animal
038004_02_lt.jpg,car
038818_02_lt.jpg,truck
036922_02_lt.jpg,animal
039595_03_lt.jpg,human
036566_02_lt.jpg,animal
036267_02_lt.jpg,airplane
035128_02_lt.jpg,car
034764_02_lt.jpg,car
035840_02_lt.jpg,airplane
037947_02_lt.jpg,airplane
035276_02_lt.jpg,human
036743_02_lt.jpg,car
038518_02_lt.jpg,car
038278_02_lt.jpg,truck
038000_02_lt.jpg,truck
038393_02_lt.jpg,airplane
035361_02_lt.jpg,human
038878_02_lt.jpg,truck
038781_02_lt.jpg,human
036659_02_lt.jpg,car
034378_02_lt.jpg,truck
037647_02_lt.jpg,airplane
034373_02_lt.jpg,truck
037794_02_lt.jpg,truck
038931_03_lt.jpg,human
034730_02_lt.jpg,animal
036951_02_lt.jpg,human
035426_02_lt.jpg,animal
038696_02_lt.jpg,animal
034190_02_lt.jpg,animal
038845_02_lt.jpg,human
038489_02_lt.jpg,car
037226_02_lt.jpg,human
036563_02_lt.jpg,truck
038691_02_lt.jpg,animal
039441_03_lt.jpg,airplane
038965_03_lt.jpg,animal
035579_02_lt.jpg,car
035816_02_lt.jpg,human
038606_02_lt.jpg,human
039023_03_lt.jpg,truck
036119_02_lt.jpg,car
037222_02_lt.jpg,human
035096_02_lt.jpg,human
034554_02_lt.jpg,car
039681_03_lt.jpg,airplane
036053_02_lt.jpg,truck
035788_02_lt.jpg,truck
036683_02_lt.jpg,car
037132_02_lt.jpg,airplane
038485_02_lt.jpg,animal
035309_02_lt.jpg,car
034735_02_lt.jpg,animal
039148_03_lt.jpg,truck
037100_02_lt.jpg,animal
039387_03_lt.jpg,airplane
038330_02_lt.jpg,animal
036509_02_lt.jpg,car
037588_02_lt.jpg,truck
035549_02_lt.jpg,car
036925_02_lt.jpg,human
034077_02_lt.jpg,animal
039807_03_lt.jpg,animal
035784_02_lt.jpg,car
039597_03_lt.jpg,airplane
035994_02_lt.jpg,car
038723_02_lt.jpg,truck
036052_02_lt.jpg,human
036958_02_lt.jpg,truck
037136_02_lt.jpg,animal
035754_02_lt.jpg,car
038788_02_lt.jpg,truck
034553_02_lt.jpg,car
037556_02_lt.jpg,human
039505_03_lt.jpg,animal
038579_02_lt.jpg,truck
039567_03_lt.jpg,airplane
038668_02_lt.jpg,truck
037823_02_lt.jpg,car
034287_02_lt.jpg,animal
037345_02_lt.jpg,animal
034589_02_lt.jpg,car
038995_03_lt.jpg,animal
035631_02_lt.jpg,human
036503_02_lt.jpg,truck
038120_02_lt.jpg,human
038815_02_lt.jpg,human
039380_03_lt.jpg,animal
035184_02_lt.jpg,car
036114_02_lt.jpg,truck
036803_02_lt.jpg,truck
039143_03_lt.jpg,truck
034821_02_lt.jpg,human
035120_02_lt.jpg,animal
039683_03_lt.jpg,truck
036865_02_lt.jpg,animal
038758_02_lt.jpg,truck
037460_02_lt.jpg,animal
035662_02_lt.jpg,airplane
037730_02_lt.jpg,human
034678_02_lt.jpg,truck
037257_02_lt.jpg,airplane
037529_02_lt.jpg,car
038180_02_lt.jpg,human
039531_03_lt.jpg,human
035874_02_lt.jpg,truck
035097_02_lt.jpg,airplane
037407_02_lt.jpg,airplane
037888_02_lt.jpg,car
039238_03_lt.jpg,truck
036868_02_lt.jpg,truck
035961_02_lt.jpg,animal
039778_03_lt.jpg,truck
038185_02_lt.jpg,animal
034407_02_lt.jpg,airplane
037883_02_lt.jpg,car
037581_02_lt.jpg,animal
038960_03_lt.jpg,animal
038421_02_lt.jpg,human
035578_02_lt.jpg,car
038968_03_lt.jpg,truck
034376_02_lt.jpg,human
037946_02_lt.jpg,human
037134_02_lt.jpg,car
039200_03_lt.jpg,animal
037105_02_lt.jpg,animal
039269_03_lt.jpg,car
034258_02_lt.jpg,truck
034767_02_lt.jpg,animal
037101_02_lt.jpg,animal
037767_02_lt.jpg,airplane
036415_02_lt.jpg,human
037047_02_lt.jpg,airplane
037227_02_lt.jpg,airplane
034856_02_lt.jpg,human
034670_02_lt.jpg,animal
034344_02_lt.jpg,truck
034614_02_lt.jpg,car
038632_02_lt.jpg,airplane
039537_03_lt.jpg,airplane
034647_02_lt.jpg,animal
035812_02_lt.jpg,animal
034370_02_lt.jpg,animal
038572_02_lt.jpg,airplane
036146_02_lt.jpg,human
037138_02_lt.jpg,truck
039833_03_lt.jpg,truck
038998_03_lt.jpg,truck
035781_02_lt.jpg,human
036353_02_lt.jpg,truck
036501_02_lt.jpg,animal
037433_02_lt.jpg,truck
034490_02_lt.jpg,animal
035789_02_lt.jpg,car
038450_02_lt.jpg,human
035009_02_lt.jpg,car
036235_02_lt.jpg,animal
035368_02_lt.jpg,truck
035486_02_lt.jpg,human
035635_02_lt.jpg,animal
039205_03_lt.jpg,animal
038755_02_lt.jpg,human
037343_02_lt.jpg,truck
035842_02_lt.jpg,animal
038639_02_lt.jpg,car
037319_02_lt.jpg,car
036950_02_lt.jpg,animal
037193_02_lt.jpg,car
036895_02_lt.jpg,animal
035995_02_lt.jpg,animal
038548_02_lt.jpg,car
036680_02_lt.jpg,human
038063_02_lt.jpg,car
037760_02_lt.jpg,human
034169_02_lt.jpg,car
034555_02_lt.jpg,animal
035751_02_lt.jpg,airplane
039414_03_lt.jpg,car
034640_02_lt.jpg,animal
034857_02_lt.jpg,animal
037160_02_lt.jpg,human
036140_02_lt.jpg,human
038847_02_lt.jpg,airplane
039808_03_lt.jpg,truck
034349_02_lt.jpg,animal
036026_02_lt.jpg,human
038126_02_lt.jpg,animal
034165_02_lt.jpg,animal
036801_02_lt.jpg,animal
035632_02_lt.jpg,human
038480_02_lt.jpg,truck
034228_02_lt.jpg,truck
038099_02_lt.jpg,car
035965_02_lt.jpg,animal
038247_02_lt.jpg,airplane
037498_02_lt.jpg,truck
034975_02_lt.jpg,animal
037977_02_lt.jpg,airplane
034408_02_lt.jpg,truck
034280_02_lt.jpg,animal
039089_03_lt.jpg,car
034132_02_lt.jpg,human
036629_02_lt.jpg,car
034527_02_lt.jpg,airplane
035423_02_lt.jpg,truck
037199_02_lt.jpg,car
035033_02_lt.jpg,car
037402_02_lt.jpg,human
037435_02_lt.jpg,animal
039593_03_lt.jpg,truck
035064_02_lt.jpg,truck
034224_02_lt.jpg,car
035183_02_lt.jpg,truck
035217_02_lt.jpg,airplane
038541_02_lt.jpg,human
034762_02_lt.jpg,animal
039504_03_lt.jpg,car
034198_02_lt.jpg,truck
037584_02_lt.jpg,truck
034075_02_lt.jpg,animal
034047_02_lt.jpg,animal
036771_02_lt.jpg,animal
036356_02_lt.jpg,human
035391_02_lt.jpg,human
034435_02_lt.jpg,animal
036262_02_lt.jpg,airplane
035062_02_lt.jpg,human
034401_02_lt.jpg,airplane
034948_02_lt.jpg,truck
038067_02_lt.jpg,airplane
035513_02_lt.jpg,truck
036898_02_lt.jpg,truck
037618_02_lt.jpg,truck
039477_03_lt.jpg,airplane
039625_03_lt.jpg,animal
037917_02_lt.jpg,airplane
036117_02_lt.jpg,airplane
038871_02_lt.jpg,human
035572_02_lt.jpg,airplane
037707_02_lt.jpg,airplane
037978_02_lt.jpg,truck
034942_02_lt.jpg,animal
035668_02_lt.jpg,car
038819_02_lt.jpg,car
034377_02_lt.jpg,animal
037914_02_lt.jpg,car
034790_02_lt.jpg,animal
035787_02_lt.jpg,airplane
038789_02_lt.jpg,car
036985_02_lt.jpg,animal
036893_02_lt.jpg,truck
037613_02_lt.jpg,truck
038155_02_lt.jpg,animal
034853_02_lt.jpg,truck
036449_02_lt.jpg,car
039624_03_lt.jpg,car
035214_02_lt.jpg,truck
036327_02_lt.jpg,airplane
034643_02_lt.jpg,truck
036749_02_lt.jpg,car
035630_02_lt.jpg,animal
039357_03_lt.jpg,human
039560_03_lt.jpg,human
038127_02_lt.jpg,airplane
038992_03_lt.jpg,animal
038540_02_lt.jpg,animal
039592_03_lt.jpg,human
037044_02_lt.jpg,truck
036419_02_lt.jpg,car
036899_02_lt.jpg,car
034197_02_lt.jpg,animal
039231_03_lt.jpg,human
036502_02_lt.jpg,human
038759_02_lt.jpg,car
038812_02_lt.jpg,human
035602_02_lt.jpg,human
034102_02_lt.jpg,animal
035060_02_lt.jpg,animal
035421_02_lt.jpg,animal
035031_02_lt.jpg,human
035213_02_lt.jpg,truck
036448_02_lt.jpg,truck
034644_02_lt.jpg,car
039087_03_lt.jpg,airplane
034918_02_lt.jpg,truck
039563_03_lt.jpg,truck
035211_02_lt.jpg,airplane
037649_02_lt.jpg,car
037130_02_lt.jpg,animal
036082_02_lt.jpg,car
034400_02_lt.jpg,animal
036476_02_lt.jpg,human
037915_02_lt.jpg,animal
036292_02_lt.jpg,human
034163_02_lt.jpg,truck
039119_03_lt.jpg,car
037109_02_lt.jpg,car
036952_02_lt.jpg,animal
034559_02_lt.jpg,car
038090_02_lt.jpg,animal
037792_02_lt.jpg,human
038069_02_lt.jpg,car
039715_03_lt.jpg,animal
036835_02_lt.jpg,animal
038694_02_lt.jpg,car
036564_02_lt.jpg,car
037880_02_lt.jpg,human
039262_03_lt.jpg,animal
038214_02_lt.jpg,car
036294_02_lt.jpg,truck
034431_02_lt.jpg,human
037520_02_lt.jpg,animal
036320_02_lt.jpg,animal
034611_02_lt.jpg,human
038212_02_lt.jpg,airplane
036621_02_lt.jpg,animal
039267_03_lt.jpg,animal
038693_02_lt.jpg,truck
039653_03_lt.jpg,truck
036866_02_lt.jpg,human
038997_03_lt.jpg,airplane
039506_03_lt.jpg,human
038661_02_lt.jpg,human
034254_02_lt.jpg,car
036205_02_lt.jpg,animal
038369_02_lt.jpg,car
036086_02_lt.jpg,human
038457_02_lt.jpg,airplane
037523_02_lt.jpg,truck
035069_02_lt.jpg,car
036442_02_lt.jpg,airplane
037617_02_lt.jpg,airplane
037700_02_lt.jpg,human
037317_02_lt.jpg,airplane
039416_03_lt.jpg,human
037438_02_lt.jpg,truck
036293_02_lt.jpg,truck
037106_02_lt.jpg,animal
035721_02_lt.jpg,animal
038905_03_lt.jpg,animal
036891_02_lt.jpg,human
034645_02_lt.jpg,animal
039654_03_lt.jpg,car
038244_02_lt.jpg,car
036568_02_lt.jpg,truck
036029_02_lt.jpg,car
039628_03_lt.jpg,truck
037071_02_lt.jpg,animal
035129_02_lt.jpg,car
035125_02_lt.jpg,animal
038633_02_lt.jpg,car
039084_03_lt.jpg,car
034466_02_lt.jpg,human
039114_03_lt.jpg,car
039026_03_lt.jpg,human
038510_02_lt.jpg,truck
039203_03_lt.jpg,truck
036688_02_lt.jpg,car
039718_03_lt.jpg,truck
034103_02_lt.jpg,truck
037768_02_lt.jpg,car
036833_02_lt.jpg,truck
034739_02_lt.jpg,car
034973_02_lt.jpg,truck
036627_02_lt.jpg,airplane
036774_02_lt.jpg,car
038001_02_lt.jpg,human
036684_02_lt.jpg,truck
036534_02_lt.jpg,truck
036533_02_lt.jpg,truck
035573_02_lt.jpg,car
034166_02_lt.jpg,human
038605_02_lt.jpg,animal
037913_02_lt.jpg,truck
035247_02_lt.jpg,animal
039539_03_lt.jpg,truck
035366_02_lt.jpg,human
036500_02_lt.jpg,animal
037010_02_lt.jpg,animal
035456_02_lt.jpg,animal
035420_02_lt.jpg,animal
038128_02_lt.jpg,truck
038575_02_lt.jpg,human
035484_02_lt.jpg,car
034761_02_lt.jpg,human
039623_03_lt.jpg,truck
038511_02_lt.jpg,human
037073_02_lt.jpg,truck
035609_02_lt.jpg,car
038333_02_lt.jpg,car
038753_02_lt.jpg,airplane
036354_02_lt.jpg,car
035395_02_lt.jpg,animal
034496_02_lt.jpg,human
039479_03_lt.jpg,car
038008_02_lt.jpg,truck
034792_02_lt.jpg,animal
038092_02_lt.jpg,airplane
039562_03_lt.jpg,human
037221_02_lt.jpg,human
038275_02_lt.jpg,human
039590_03_lt.jpg,animal
037522_02_lt.jpg,airplane
036599_02_lt.jpg,car
036351_02_lt.jpg,human
034042_02_lt.jpg,animal
035450_02_lt.jpg,animal
034285_02_lt.jpg,animal
036145_02_lt.jpg,human
034135_02_lt.jpg,animal
035992_02_lt.jpg,human
036740_02_lt.jpg,animal
037881_02_lt.jpg,human
034673_02_lt.jpg,truck
036142_02_lt.jpg,human
039476_03_lt.jpg,human
039651_03_lt.jpg,human
039232_03_lt.jpg,human
037910_02_lt.jpg,human
034347_02_lt.jpg,animal
039322_03_lt.jpg,human
037344_02_lt.jpg,car
038699_02_lt.jpg,car
034467_02_lt.jpg,airplane
035661_02_lt.jpg,human
038454_02_lt.jpg,airplane
035189_02_lt.jpg,car
035904_02_lt.jpg,truck
039536_03_lt.jpg,human
039710_03_lt.jpg,animal
034760_02_lt.jpg,animal
034465_02_lt.jpg,animal
035511_02_lt.jpg,human
036111_02_lt.jpg,human
036083_02_lt.jpg,truck
036238_02_lt.jpg,truck
038339_02_lt.jpg,car
039509_03_lt.jpg,car
034525_02_lt.jpg,animal
039086_03_lt.jpg,human
039445_03_lt.jpg,animal
039596_03_lt.jpg,human
037403_02_lt.jpg,truck
034851_02_lt.jpg,human
039080_03_lt.jpg,animal
034372_02_lt.jpg,animal
039057_03_lt.jpg,airplane
034493_02_lt.jpg,car
034044_02_lt.jpg,car
037889_02_lt.jpg,car
037341_02_lt.jpg,animal
038873_02_lt.jpg,car
037342_02_lt.jpg,airplane
039770_03_lt.jpg,animal
037797_02_lt.jpg,airplane
037644_02_lt.jpg,truck
036505_02_lt.jpg,animal
035605_02_lt.jpg,human
037942_02_lt.jpg,human
037736_02_lt.jpg,human
038033_02_lt.jpg,car
037886_02_lt.jpg,animal
034134_02_lt.jpg,truck
035244_02_lt.jpg,truck
037948_02_lt.jpg,truck
037827_02_lt.jpg,airplane
035603_02_lt.jpg,car
038368_02_lt.jpg,truck
034797_02_lt.jpg,airplane
037497_02_lt.jpg,airplane
034705_02_lt.jpg,animal
034910_02_lt.jpg,animal
037640_02_lt.jpg,human
034313_02_lt.jpg,truck
036149_02_lt.jpg,car
038576_02_lt.jpg,human
037974_02_lt.jpg,truck
038875_02_lt.jpg,human
037795_02_lt.jpg,animal
039418_03_lt.jpg,truck
037439_02_lt.jpg,car
036264_02_lt.jpg,car
034101_02_lt.jpg,human
037949_02_lt.jpg,car
035993_02_lt.jpg,truck
036414_02_lt.jpg,truck
034737_02_lt.jpg,animal
036200_02_lt.jpg,animal
037254_02_lt.jpg,truck
035933_02_lt.jpg,truck
038787_02_lt.jpg,airplane
034130_02_lt.jpg,animal
039085_03_lt.jpg,animal
038094_02_lt.jpg,truck
038302_02_lt.jpg,human
037612_02_lt.jpg,airplane
035369_02_lt.jpg,car
038727_02_lt.jpg,airplane
039773_03_lt.jpg,truck
037643_02_lt.jpg,truck
034256_02_lt.jpg,human
038158_02_lt.jpg,truck
035607_02_lt.jpg,airplane
034825_02_lt.jpg,animal
038152_02_lt.jpg,airplane
036748_02_lt.jpg,car
035122_02_lt.jpg,airplane
038993_03_lt.jpg,truck
038242_02_lt.jpg,airplane
035512_02_lt.jpg,human
037436_02_lt.jpg,human
035036_02_lt.jpg,human
035365_02_lt.jpg,animal
039296_03_lt.jpg,human
038486_02_lt.jpg,human
034491_02_lt.jpg,human
039802_03_lt.jpg,human
034859_02_lt.jpg,car
035454_02_lt.jpg,car
035152_02_lt.jpg,airplane
038756_02_lt.jpg,animal
035338_02_lt.jpg,truck
038990_03_lt.jpg,animal
034675_02_lt.jpg,animal
036836_02_lt.jpg,human
036386_02_lt.jpg,human
037137_02_lt.jpg,airplane
037197_02_lt.jpg,airplane
036620_02_lt.jpg,human
038483_02_lt.jpg,truck
038181_02_lt.jpg,animal
035210_02_lt.jpg,animal
037490_02_lt.jpg,animal
039385_03_lt.jpg,animal
034822_02_lt.jpg,human
038938_03_lt.jpg,truck
038608_02_lt.jpg,car
038338_02_lt.jpg,truck
035905_02_lt.jpg,animal
037973_02_lt.jpg,truck
039566_03_lt.jpg,human
034526_02_lt.jpg,human
038246_02_lt.jpg,human
035996_02_lt.jpg,animal
039117_03_lt.jpg,airplane
038813_02_lt.jpg,car
038455_02_lt.jpg,animal
036477_02_lt.jpg,airplane
034854_02_lt.jpg,car
037288_02_lt.jpg,truck
039629_03_lt.jpg,car
039658_03_lt.jpg,truck
036475_02_lt.jpg,animal
034702_02_lt.jpg,human
039115_03_lt.jpg,animal
034497_02_lt.jpg,airplane
039176_03_lt.jpg,airplane
036023_02_lt.jpg,truck
039292_03_lt.jpg,human
038638_02_lt.jpg,car
036472_02_lt.jpg,human
034319_02_lt.jpg,car
036110_02_lt.jpg,human
038752_02_lt.jpg,airplane
037499_02_lt.jpg,car
034613_02_lt.jpg,truck
035038_02_lt.jpg,car
036595_02_lt.jpg,animal
036412_02_lt.jpg,animal
038216_02_lt.jpg,animal
037347_02_lt.jpg,airplane
034648_02_lt.jpg,truck
036380_02_lt.jpg,animal
036325_02_lt.jpg,animal
038519_02_lt.jpg,car
039419_03_lt.jpg,car
039598_03_lt.jpg,truck
036323_02_lt.jpg,truck
039383_03_lt.jpg,car
034610_02_lt.jpg,animal
034883_02_lt.jpg,truck
038279_02_lt.jpg,car
039118_03_lt.jpg,truck
034405_02_lt.jpg,animal
036141_02_lt.jpg,human
034220_02_lt.jpg,animal
038423_02_lt.jpg,car
034733_02_lt.jpg,truck
035303_02_lt.jpg,truck
035182_02_lt.jpg,airplane
034288_02_lt.jpg,truck
039239_03_lt.jpg,car
039594_03_lt.jpg,car
035336_02_lt.jpg,human
037431_02_lt.jpg,human
035698_02_lt.jpg,truck
034796_02_lt.jpg,human
039532_03_lt.jpg,airplane
037708_02_lt.jpg,truck
034974_02_lt.jpg,car
036088_02_lt.jpg,car
036920_02_lt.jpg,animal
037589_02_lt.jpg,car
039237_03_lt.jpg,airplane
034136_02_lt.jpg,human
039535_03_lt.jpg,animal
037251_02_lt.jpg,human
036024_02_lt.jpg,car
037049_02_lt.jpg,car
036770_02_lt.jpg,animal
037437_02_lt.jpg,airplane
035457_02_lt.jpg,animal
034550_02_lt.jpg,animal
038549_02_lt.jpg,car
037190_02_lt.jpg,human
035638_02_lt.jpg,car
035518_02_lt.jpg,car
034674_02_lt.jpg,truck
037318_02_lt.jpg,truck
035962_02_lt.jpg,human
039052_03_lt.jpg,human
036598_02_lt.jpg,car
037401_02_lt.jpg,human
037042_02_lt.jpg,airplane
037404_02_lt.jpg,truck
037074_02_lt.jpg,truck
034919_02_lt.jpg,animal
036682_02_lt.jpg,human
037735_02_lt.jpg,human
034738_02_lt.jpg,truck
037580_02_lt.jpg,human
037527_02_lt.jpg,airplane
039173_03_lt.jpg,truck
036689_02_lt.jpg,car
036506_02_lt.jpg,animal
038241_02_lt.jpg,animal
034947_02_lt.jpg,airplane
037285_02_lt.jpg,animal
036983_02_lt.jpg,truck
035757_02_lt.jpg,airplane
034734_02_lt.jpg,car
038243_02_lt.jpg,car
037614_02_lt.jpg,car
039059_03_lt.jpg,car
035908_02_lt.jpg,truck
037550_02_lt.jpg,animal
038991_03_lt.jpg,human
039800_03_lt.jpg,animal
038932_03_lt.jpg,airplane
036322_02_lt.jpg,human
038360_02_lt.jpg,animal
038009_02_lt.jpg,car
038060_02_lt.jpg,animal
035425_02_lt.jpg,animal
034971_02_lt.jpg,human
038966_03_lt.jpg,human
036957_02_lt.jpg,airplane
039290_03_lt.jpg,animal
038630_02_lt.jpg,animal
035849_02_lt.jpg,car
034765_02_lt.jpg,human
036562_02_lt.jpg,human
039627_03_lt.jpg,airplane
039359_03_lt.jpg,car
035873_02_lt.jpg,truck
036741_02_lt.jpg,animal
039652_03_lt.jpg,animal
037674_02_lt.jpg,car
035997_02_lt.jpg,airplane
038963_03_lt.jpg,truck
039266_03_lt.jpg,human
038543_02_lt.jpg,car
036923_02_lt.jpg,truck
038724_02_lt.jpg,car
034823_02_lt.jpg,truck
037737_02_lt.jpg,airplane
035577_02_lt.jpg,airplane
035516_02_lt.jpg,human
034499_02_lt.jpg,car
036260_02_lt.jpg,animal
037041_02_lt.jpg,animal
038786_02_lt.jpg,human
037015_02_lt.jpg,animal
039260_03_lt.jpg,animal
034071_02_lt.jpg,human
038395_02_lt.jpg,animal
036413_02_lt.jpg,truck
039478_03_lt.jpg,truck
036711_02_lt.jpg,human
037764_02_lt.jpg,truck
036560_02_lt.jpg,animal
034167_02_lt.jpg,animal
038125_02_lt.jpg,animal
038123_02_lt.jpg,car
034529_02_lt.jpg,car
038068_02_lt.jpg,car
037258_02_lt.jpg,car
036538_02_lt.jpg,truck
037821_02_lt.jpg,animal
034914_02_lt.jpg,car
037346_02_lt.jpg,animal
037615_02_lt.jpg,animal
034732_02_lt.jpg,animal
035090_02_lt.jpg,animal
037587_02_lt.jpg,airplane
038091_02_lt.jpg,human
038722_02_lt.jpg,airplane
038124_02_lt.jpg,car
038870_02_lt.jpg,animal
038458_02_lt.jpg,car
037225_02_lt.jpg,human
036531_02_lt.jpg,animal
037019_02_lt.jpg,car
039295_03_lt.jpg,animal
039328_03_lt.jpg,truck
038573_02_lt.jpg,car
034911_02_lt.jpg,airplane
037078_02_lt.jpg,truck
034346_02_lt.jpg,human
035966_02_lt.jpg,animal
037373_02_lt.jpg,truck
035429_02_lt.jpg,car
035063_02_lt.jpg,car
038420_02_lt.jpg,human
038692_02_lt.jpg,airplane
037223_02_lt.jpg,car
036745_02_lt.jpg,animal
039473_03_lt.jpg,truck
039175_03_lt.jpg,animal
034161_02_lt.jpg,human
036085_02_lt.jpg,animal
037408_02_lt.jpg,truck
036987_02_lt.jpg,airplane
038841_02_lt.jpg,human
037884_02_lt.jpg,airplane
037944_02_lt.jpg,truck
035331_02_lt.jpg,human
037911_02_lt.jpg,human
037559_02_lt.jpg,car
038365_02_lt.jpg,animal
034731_02_lt.jpg,human
034799_02_lt.jpg,car
034168_02_lt.jpg,truck
034314_02_lt.jpg,car
035900_02_lt.jpg,animal
036830_02_lt.jpg,animal
036779_02_lt.jpg,car
036896_02_lt.jpg,human
034199_02_lt.jpg,car
038660_02_lt.jpg,human
034581_02_lt.jpg,human
038064_02_lt.jpg,truck
039320_03_lt.jpg,animal
036596_02_lt.jpg,animal
035575_02_lt.jpg,human
037400_02_lt.jpg,animal
036050_02_lt.jpg,animal
034707_02_lt.jpg,animal
034940_02_lt.jpg,animal
035637_02_lt.jpg,airplane
034404_02_lt.jpg,animal
037820_02_lt.jpg,animal
038308_02_lt.jpg,truck
035390_02_lt.jpg,animal
034371_02_lt.jpg,airplane
037464_02_lt.jpg,truck
035245_02_lt.jpg,animal
038215_02_lt.jpg,animal
035968_02_lt.jpg,truck
038578_02_lt.jpg,truck
037432_02_lt.jpg,animal
039475_03_lt.jpg,animal
036230_02_lt.jpg,animal
037521_02_lt.jpg,human
039680_03_lt.jpg,animal
038662_02_lt.jpg,airplane
034312_02_lt.jpg,human
037405_02_lt.jpg,animal
034438_02_lt.jpg,car
034521_02_lt.jpg,human
036089_02_lt.jpg,car
039144_03_lt.jpg,car
036203_02_lt.jpg,car
034225_02_lt.jpg,human
039565_03_lt.jpg,animal
036864_02_lt.jpg,truck
037733_02_lt.jpg,truck
036653_02_lt.jpg,truck
035481_02_lt.jpg,animal
038362_02_lt.jpg,airplane
038782_02_lt.jpg,airplane
036387_02_lt.jpg,airplane
035451_02_lt.jpg,airplane
034677_02_lt.jpg,animal
038187_02_lt.jpg,airplane
036447_02_lt.jpg,airplane
037912_02_lt.jpg,human
035180_02_lt.jpg,animal
034284_02_lt.jpg,car
035305_02_lt.jpg,human
037672_02_lt.jpg,airplane
039112_03_lt.jpg,animal
038096_02_lt.jpg,human
036171_02_lt.jpg,human
038428_02_lt.jpg,car
034586_02_lt.jpg,human
035151_02_lt.jpg,airplane
035540_02_lt.jpg,animal
037166_02_lt.jpg,human
034826_02_lt.jpg,human
034227_02_lt.jpg,animal
039538_03_lt.jpg,truck
038363_02_lt.jpg,car
038271_02_lt.jpg,human
035248_02_lt.jpg,truck
039025_03_lt.jpg,human
038121_02_lt.jpg,animal
034043_02_lt.jpg,car
035963_02_lt.jpg,truck
034520_02_lt.jpg,animal
038481_02_lt.jpg,human
035815_02_lt.jpg,animal
035753_02_lt.jpg,truck
037970_02_lt.jpg,truck
039444_03_lt.jpg,truck
034972_02_lt.jpg,human
035817_02_lt.jpg,airplane
037370_02_lt.jpg,human
036926_02_lt.jpg,human
039507_03_lt.jpg,airplane
039836_03_lt.jpg,human
035459_02_lt.jpg,animal
039351_03_lt.jpg,human
037283_02_lt.jpg,car
035030_02_lt.jpg,animal
035339_02_lt.jpg,car
035127_02_lt.jpg,airplane
038637_02_lt.jpg,airplane
034917_02_lt.jpg,animal
038451_02_lt.jpg,human
036385_02_lt.jpg,human
039415_03_lt.jpg,animal
034820_02_lt.jpg,animal
037645_02_lt.jpg,animal
038396_02_lt.jpg,animal
038669_02_lt.jpg,truck
038453_02_lt.jpg,truck
039620_03_lt.jpg,animal
036087_02_lt.jpg,airplane
039326_03_lt.jpg,human
039804_03_lt.jpg,car
035216_02_lt.jpg,human
037224_02_lt.jpg,truck
039088_03_lt.jpg,truck
036261_02_lt.jpg,animal
036233_02_lt.jpg,car
036021_02_lt.jpg,animal
036567_02_lt.jpg,airplane
039835_03_lt.jpg,animal
038305_02_lt.jpg,human
039801_03_lt.jpg,human
039561_03_lt.jpg,human
039533_03_lt.jpg,truck
038994_03_lt.jpg,car
034133_02_lt.jpg,truck
039684_03_lt.jpg,car
039621_03_lt.jpg,human
036299_02_lt.jpg,car
037858_02_lt.jpg,car
037701_02_lt.jpg,animal
037945_02_lt.jpg,animal
037102_02_lt.jpg,human
038906_03_lt.jpg,human
036687_02_lt.jpg,airplane
037287_02_lt.jpg,airplane
034649_02_lt.jpg,car
037107_02_lt.jpg,airplane
034463_02_lt.jpg,car
035780_02_lt.jpg,animal
038426_02_lt.jpg,animal
035215_02_lt.jpg,animal
036115_02_lt.jpg,human
037979_02_lt.jpg,car
038240_02_lt.jpg,human
038182_02_lt.jpg,human
035304_02_lt.jpg,car
034046_02_lt.jpg,human
037079_02_lt.jpg,car
039236_03_lt.jpg,human
034736_02_lt.jpg,human
039410_03_lt.jpg,animal
035249_02_lt.jpg,car
038248_02_lt.jpg,truck
037167_02_lt.jpg,airplane
037673_02_lt.jpg,truck
038840_02_lt.jpg,human
038602_02_lt.jpg,airplane
037372_02_lt.jpg,human
035337_02_lt.jpg,airplane
036478_02_lt.jpg,truck
039327_03_lt.jpg,human
034251_02_lt.jpg,human
039230_03_lt.jpg,animal
035695_02_lt.jpg,animal
038900_03_lt.jpg,animal
034916_02_lt.jpg,human
037583_02_lt.jpg,truck
037850_02_lt.jpg,human
037557_02_lt.jpg,airplane
038218_02_lt.jpg,truck
036232_02_lt.jpg,airplane
035848_02_lt.jpg,truck
034106_02_lt.jpg,human
034827_02_lt.jpg,animal
037705_02_lt.jpg,animal
034881_02_lt.jpg,airplane
037314_02_lt.jpg,truck
037103_02_lt.jpg,truck
037259_02_lt.jpg,car
037014_02_lt.jpg,car
034432_02_lt.jpg,animal
039743_03_lt.jpg,truck
037349_02_lt.jpg,car
037465_02_lt.jpg,human
039146_03_lt.jpg,human
034618_02_lt.jpg,truck
039772_03_lt.jpg,airplane
034912_02_lt.jpg,animal
036231_02_lt.jpg,animal
037282_02_lt.jpg,airplane
036775_02_lt.jpg,animal
035570_02_lt.jpg,animal
039832_03_lt.jpg,human
036959_02_lt.jpg,car
037493_02_lt.jpg,truck
038039_02_lt.jpg,car
036747_02_lt.jpg,airplane
038908_03_lt.jpg,truck
036479_02_lt.jpg,car
039323_03_lt.jpg,truck
038309_02_lt.jpg,car
037228_02_lt.jpg,car
038150_02_lt.jpg,animal
037739_02_lt.jpg,car
036802_02_lt.jpg,airplane
036028_02_lt.jpg,truck
036170_02_lt.jpg,animal
037312_02_lt.jpg,airplane
038664_02_lt.jpg,airplane
037495_02_lt.jpg,human
035847_02_lt.jpg,airplane
037676_02_lt.jpg,animal
038006_02_lt.jpg,human
035547_02_lt.jpg,airplane
034858_02_lt.jpg,truck
039268_03_lt.jpg,truck
035150_02_lt.jpg,animal
035428_02_lt.jpg,truck
038936_03_lt.jpg,human
035845_02_lt.jpg,human
038456_02_lt.jpg,human
034850_02_lt.jpg,animal
035666_02_lt.jpg,animal
039264_03_lt.jpg,car
036209_02_lt.jpg,car
037793_02_lt.jpg,truck
038425_02_lt.jpg,animal
039831_03_lt.jpg,human
039626_03_lt.jpg,human
039141_03_lt.jpg,airplane
034583_02_lt.jpg,car
035034_02_lt.jpg,car
038367_02_lt.jpg,airplane
034193_02_lt.jpg,truck
035870_02_lt.jpg,animal
034310_02_lt.jpg,animal
038184_02_lt.jpg,car
035903_02_lt.jpg,truck
035124_02_lt.jpg,truck
034498_02_lt.jpg,car
039472_03_lt.jpg,airplane
037919_02_lt.jpg,car
036956_02_lt.jpg,human
034794_02_lt.jpg,truck
035633_02_lt.jpg,car
034282_02_lt.jpg,human
039172_03_lt.jpg,human
037016_02_lt.jpg,human
037469_02_lt.jpg,car
034612_02_lt.jpg,airplane
034041_02_lt.jpg,human
035722_02_lt.jpg,airplane
034345_02_lt.jpg,animal
037371_02_lt.jpg,human
039741_03_lt.jpg,airplane
034880_02_lt.jpg,animal
038482_02_lt.jpg,human
039234_03_lt.jpg,car
039775_03_lt.jpg,animal
039111_03_lt.jpg,human
035067_02_lt.jpg,airplane
039381_03_lt.jpg,human
038872_02_lt.jpg,human
036080_02_lt.jpg,human
035871_02_lt.jpg,human
039749_03_lt.jpg,car
034072_02_lt.jpg,airplane
038874_02_lt.jpg,truck
035005_02_lt.jpg,animal
039050_03_lt.jpg,animal
038631_02_lt.jpg,human
038429_02_lt.jpg,car
034105_02_lt.jpg,animal
035843_02_lt.jpg,truck
037045_02_lt.jpg,animal
035690_02_lt.jpg,animal
036444_02_lt.jpg,truck
038427_02_lt.jpg,airplane
035094_02_lt.jpg,car
039329_03_lt.jpg,car
036625_02_lt.jpg,animal
037348_02_lt.jpg,car
034646_02_lt.jpg,human
039179_03_lt.jpg,car
039650_03_lt.jpg,animal
037734_02_lt.jpg,car
035061_02_lt.jpg,human
039204_03_lt.jpg,car
039719_03_lt.jpg,car
035158_02_lt.jpg,truck
035392_02_lt.jpg,human
037852_02_lt.jpg,airplane
035455_02_lt.jpg,animal
039440_03_lt.jpg,animal
036921_02_lt.jpg,human
038093_02_lt.jpg,car
036986_02_lt.jpg,human
036565_02_lt.jpg,animal
038514_02_lt.jpg,truck
036651_02_lt.jpg,human
036805_02_lt.jpg,animal
038061_02_lt.jpg,human
039711_03_lt.jpg,airplane
036867_02_lt.jpg,airplane
036532_02_lt.jpg,human
034109_02_lt.jpg,truck
035333_02_lt.jpg,truck
038398_02_lt.jpg,car
038332_02_lt.jpg,human
038035_02_lt.jpg,human
038307_02_lt.jpg,airplane
039564_03_lt.jpg,car
035181_02_lt.jpg,airplane
039448_03_lt.jpg,truck
038666_02_lt.jpg,animal
034045_02_lt.jpg,animal
038545_02_lt.jpg,human
038394_02_lt.jpg,airplane
038337_02_lt.jpg,airplane
038038_02_lt.jpg,truck
037340_02_lt.jpg,human
037582_02_lt.jpg,airplane
036929_02_lt.jpg,car
037492_02_lt.jpg,airplane
035397_02_lt.jpg,animal
035308_02_lt.jpg,truck
035091_02_lt.jpg,human
037289_02_lt.jpg,car
037374_02_lt.jpg,car
036591_02_lt.jpg,animal
037161_02_lt.jpg,animal
036954_02_lt.jpg,truck
036539_02_lt.jpg,car
035937_02_lt.jpg,animal
039201_03_lt.jpg,airplane
037796_02_lt.jpg,human
037191_02_lt.jpg,human
039170_03_lt.jpg,animal
035000_02_lt.jpg,animal
036055_02_lt.jpg,animal
037430_02_lt.jpg,truck
036173_02_lt.jpg,car
034889_02_lt.jpg,animal
035697_02_lt.jpg,airplane
036590_02_lt.jpg,animal
037017_02_lt.jpg,airplane
035367_02_lt.jpg,airplane
036441_02_lt.jpg,human
035274_02_lt.jpg,car
035878_02_lt.jpg,truck
038335_02_lt.jpg,human
037379_02_lt.jpg,car
034886_02_lt.jpg,human
038547_02_lt.jpg,airplane
035188_02_lt.jpg,truck
035159_02_lt.jpg,car
034617_02_lt.jpg,animal
038031_02_lt.jpg,human
035510_02_lt.jpg,animal
038066_02_lt.jpg,human
036839_02_lt.jpg,car
038036_02_lt.jpg,human
035901_02_lt.jpg,human
036717_02_lt.jpg,airplane
038757_02_lt.jpg,airplane
039055_03_lt.jpg,animal
035782_02_lt.jpg,human
037826_02_lt.jpg,animal
035155_02_lt.jpg,animal
035814_02_lt.jpg,car
035756_02_lt.jpg,human
037976_02_lt.jpg,human
036113_02_lt.jpg,car
038095_02_lt.jpg,animal
034524_02_lt.jpg,car
039470_03_lt.jpg,animal
039471_03_lt.jpg,human
038157_02_lt.jpg,airplane
034855_02_lt.jpg,animal
034944_02_lt.jpg,animal
038729_02_lt.jpg,truck
036719_02_lt.jpg,car
035967_02_lt.jpg,animal
037975_02_lt.jpg,animal
037252_02_lt.jpg,human
036862_02_lt.jpg,human
037077_02_lt.jpg,airplane
039353_03_lt.jpg,truck
035810_02_lt.jpg,animal
034769_02_lt.jpg,car
035424_02_lt.jpg,car
039657_03_lt.jpg,airplane
039297_03_lt.jpg,airplane
036175_02_lt.jpg,animal
035724_02_lt.jpg,car
035301_02_lt.jpg,human
039053_03_lt.jpg,truck
037310_02_lt.jpg,animal
037763_02_lt.jpg,car
037315_02_lt.jpg,animal
034679_02_lt.jpg,truck
039113_03_lt.jpg,truck
035999_02_lt.jpg,car
039803_03_lt.jpg,truck
036955_02_lt.jpg,human
038577_02_lt.jpg,airplane
039745_03_lt.jpg,animal
034070_02_lt.jpg,animal
035542_02_lt.jpg,car
034829_02_lt.jpg,car
039779_03_lt.jpg,car
036808_02_lt.jpg,truck
038570_02_lt.jpg,animal
036989_02_lt.jpg,car
038186_02_lt.jpg,animal
035783_02_lt.jpg,truck
035330_02_lt.jpg,animal
037554_02_lt.jpg,truck
034073_02_lt.jpg,car
036236_02_lt.jpg,animal
035363_02_lt.jpg,truck
034403_02_lt.jpg,truck
034104_02_lt.jpg,truck
038424_02_lt.jpg,airplane
036981_02_lt.jpg,human
037766_02_lt.jpg,human
039261_03_lt.jpg,human
034884_02_lt.jpg,car
039534_03_lt.jpg,car
039389_03_lt.jpg,car
039508_03_lt.jpg,truck
038159_02_lt.jpg,car
038422_02_lt.jpg,airplane
036772_02_lt.jpg,airplane
034701_02_lt.jpg,human
039354_03_lt.jpg,car
034281_02_lt.jpg,human
036718_02_lt.jpg,car
034348_02_lt.jpg,truck
035272_02_lt.jpg,animal
038842_02_lt.jpg,human
036057_02_lt.jpg,airplane
035517_02_lt.jpg,airplane
035008_02_lt.jpg,car
039809_03_lt.jpg,car
034461_02_lt.jpg,human
036357_02_lt.jpg,airplane
038183_02_lt.jpg,truck
034793_02_lt.jpg,truck
035121_02_lt.jpg,human
038513_02_lt.jpg,truck
035694_02_lt.jpg,car
036535_02_lt.jpg,animal
036530_02_lt.jpg,animal
038304_02_lt.jpg,car
036592_02_lt.jpg,human
034468_02_lt.jpg,car
035458_02_lt.jpg,truck
034708_02_lt.jpg,truck
035334_02_lt.jpg,truck
037108_02_lt.jpg,truck
036269_02_lt.jpg,car
034196_02_lt.jpg,human
036716_02_lt.jpg,human
039350_03_lt.jpg,animal
037496_02_lt.jpg,human
036298_02_lt.jpg,truck
036807_02_lt.jpg,airplane
035212_02_lt.jpg,human
034882_02_lt.jpg,animal
036417_02_lt.jpg,airplane
034257_02_lt.jpg,animal
035032_02_lt.jpg,airplane
039599_03_lt.jpg,car
036384_02_lt.jpg,truck
037706_02_lt.jpg,human
039178_03_lt.jpg,truck
034522_02_lt.jpg,human
038665_02_lt.jpg,animal
038698_02_lt.jpg,truck
039149_03_lt.jpg,car
036778_02_lt.jpg,truck
035278_02_lt.jpg,truck
036237_02_lt.jpg,airplane
037072_02_lt.jpg,human
037940_02_lt.jpg,truck
036658_02_lt.jpg,car
035785_02_lt.jpg,animal
034979_02_lt.jpg,car
035669_02_lt.jpg,car
035846_02_lt.jpg,human
036714_02_lt.jpg,truck
036389_02_lt.jpg,car
037709_02_lt.jpg,car
038276_02_lt.jpg,human
039774_03_lt.jpg,car
036507_02_lt.jpg,animal
038877_02_lt.jpg,airplane
034379_02_lt.jpg,animal
036988_02_lt.jpg,truck
039022_03_lt.jpg,human
035095_02_lt.jpg,animal
034946_02_lt.jpg,human
037822_02_lt.jpg,airplane
035667_02_lt.jpg,airplane
034970_02_lt.jpg,animal
036831_02_lt.jpg,human
038273_02_lt.jpg,truck
039686_03_lt.jpg,human
035663_02_lt.jpg,car
036324_02_lt.jpg,truck
038210_02_lt.jpg,human
039324_03_lt.jpg,car
038663_02_lt.jpg,car
038967_03_lt.jpg,airplane
035482_02_lt.jpg,human
035728_02_lt.jpg,truck
039771_03_lt.jpg,human
035003_02_lt.jpg,car
038726_02_lt.jpg,animal
034160_02_lt.jpg,animal
034462_02_lt.jpg,human
035483_02_lt.jpg,truck
036172_02_lt.jpg,human
034402_02_lt.jpg,animal
036265_02_lt.jpg,animal
036410_02_lt.jpg,animal
039838_03_lt.jpg,truck
034557_02_lt.jpg,airplane
037461_02_lt.jpg,human
034824_02_lt.jpg,car
036296_02_lt.jpg,human
039382_03_lt.jpg,animal
039020_03_lt.jpg,animal
037829_02_lt.jpg,car
035273_02_lt.jpg,truck
034943_02_lt.jpg,truck
038996_03_lt.jpg,human
036144_02_lt.jpg,truck
035452_02_lt.jpg,animal
039081_03_lt.jpg,human
038969_03_lt.jpg,car
037467_02_lt.jpg,airplane
034076_02_lt.jpg,human
034615_02_lt.jpg,animal
036350_02_lt.jpg,animal
038515_02_lt.jpg,human
037855_02_lt.jpg,animal
034164_02_lt.jpg,car
036440_02_lt.jpg,animal
039687_03_lt.jpg,airplane
035544_02_lt.jpg,car
039024_03_lt.jpg,car
037972_02_lt.jpg,human
035604_02_lt.jpg,truck
034311_02_lt.jpg,human
038336_02_lt.jpg,human
037377_02_lt.jpg,airplane
036869_02_lt.jpg,car
036892_02_lt.jpg,animal
039837_03_lt.jpg,airplane
034343_02_lt.jpg,truck
038065_02_lt.jpg,animal
035302_02_lt.jpg,animal
038245_02_lt.jpg,human
035399_02_lt.jpg,car
038667_02_lt.jpg,airplane
034763_02_lt.jpg,truck
039503_03_lt.jpg,truck
036508_02_lt.jpg,truck
037885_02_lt.jpg,animal
034079_02_lt.jpg,car
036025_02_lt.jpg,animal
034226_02_lt.jpg,human
038846_02_lt.jpg,human
034616_02_lt.jpg,human
036358_02_lt.jpg,truck
036569_02_lt.jpg,car
037553_02_lt.jpg,truck
036418_02_lt.jpg,truck
034162_02_lt.jpg,animal
035246_02_lt.jpg,human
034341_02_lt.jpg,airplane
039355_03_lt.jpg,animal
035819_02_lt.jpg,car
037943_02_lt.jpg,truck
037012_02_lt.jpg,airplane
035877_02_lt.jpg,airplane
038391_02_lt.jpg,human
034703_02_lt.jpg,truck
036206_02_lt.jpg,animal
037828_02_lt.jpg,car
036744_02_lt.jpg,truck
038277_02_lt.jpg,airplane
036112_02_lt.jpg,human
039298_03_lt.jpg,truck
035723_02_lt.jpg,truck
038364_02_lt.jpg,truck
038961_03_lt.jpg,human
034766_02_lt.jpg,human
036650_02_lt.jpg,human
037229_02_lt.jpg,car
035758_02_lt.jpg,truck
037046_02_lt.jpg,animal
038962_03_lt.jpg,airplane
037040_02_lt.jpg,animal
035546_02_lt.jpg,human
037648_02_lt.jpg,truck
034436_02_lt.jpg,human
035126_02_lt.jpg,human
034433_02_lt.jpg,truck
037255_02_lt.jpg,animal
038816_02_lt.jpg,human
038129_02_lt.jpg,car
034406_02_lt.jpg,human
038609_02_lt.jpg,car
037798_02_lt.jpg,car
038811_02_lt.jpg,human
039742_03_lt.jpg,airplane
038751_02_lt.jpg,animal
035243_02_lt.jpg,truck
037971_02_lt.jpg,human
038098_02_lt.jpg,truck
035811_02_lt.jpg,human
035930_02_lt.jpg,animal
037220_02_lt.jpg,human
034074_02_lt.jpg,car
035488_02_lt.jpg,truck
034138_02_lt.jpg,truck
036838_02_lt.jpg,car
037468_02_lt.jpg,truck
039208_03_lt.jpg,truck
034464_02_lt.jpg,car
036832_02_lt.jpg,human
035004_02_lt.jpg,car
034434_02_lt.jpg,car
034255_02_lt.jpg,animal
038902_03_lt.jpg,animal
034671_02_lt.jpg,human
037918_02_lt.jpg,car
036321_02_lt.jpg,human
036081_02_lt.jpg,animal
036809_02_lt.jpg,car
039569_03_lt.jpg,truck
035906_02_lt.jpg,human
038903_03_lt.jpg,truck
037558_02_lt.jpg,truck
035725_02_lt.jpg,animal
034317_02_lt.jpg,animal
039116_03_lt.jpg,human
034229_02_lt.jpg,car
038933_03_lt.jpg,truck
035876_02_lt.jpg,human
039442_03_lt.jpg,airplane
037679_02_lt.jpg,car
036655_02_lt.jpg,human
038154_02_lt.jpg,car
037769_02_lt.jpg,car
035818_02_lt.jpg,truck
038488_02_lt.jpg,car
039294_03_lt.jpg,car
035157_02_lt.jpg,animal
039083_03_lt.jpg,truck
034551_02_lt.jpg,human
038217_02_lt.jpg,airplane
034852_02_lt.jpg,human
034492_02_lt.jpg,airplane
035665_02_lt.jpg,animal
036176_02_lt.jpg,human
034078_02_lt.jpg,truck
034580_02_lt.jpg,animal
038334_02_lt.jpg,truck
035186_02_lt.jpg,human
038301_02_lt.jpg,human
039712_03_lt.jpg,human
039776_03_lt.jpg,human
039747_03_lt.jpg,airplane
037619_02_lt.jpg,car
036777_02_lt.jpg,airplane
037280_02_lt.jpg,animal
039474_03_lt.jpg,car
034221_02_lt.jpg,human
035693_02_lt.jpg,car
039443_03_lt.jpg,truck
034704_02_lt.jpg,car
038249_02_lt.jpg,car
035964_02_lt.jpg,truck
038604_02_lt.jpg,truck
034585_02_lt.jpg,animal
036597_02_lt.jpg,airplane
039417_03_lt.jpg,airplane
036471_02_lt.jpg,human
035548_02_lt.jpg,car
038754_02_lt.jpg,car
037859_02_lt.jpg,car
038153_02_lt.jpg,car
039291_03_lt.jpg,human
036208_02_lt.jpg,car
038601_02_lt.jpg,human
038487_02_lt.jpg,airplane
034887_02_lt.jpg,animal
035519_02_lt.jpg,car
034978_02_lt.jpg,car
035931_02_lt.jpg,human
038032_02_lt.jpg,airplane
034495_02_lt.jpg,human
036027_02_lt.jpg,airplane
037494_02_lt.jpg,truck
035960_02_lt.jpg,animal
034430_02_lt.jpg,animal
035875_02_lt.jpg,human
036056_02_lt.jpg,animal
037851_02_lt.jpg,animal
036290_02_lt.jpg,animal
034252_02_lt.jpg,animal
035574_02_lt.jpg,car
037791_02_lt.jpg,human
